<!--  
这个为菜单列表，注意编辑的格式!例如：
<phone id="手机概览,overview">手机外观</phone>
1、手机概览：一级标题名称
2、overview：这个为assets下的各个模块文件夹的名称，记住这个值一定要与文件夹的名称对应，不然链接会出错
3、手机外观：二级标题名称
4、手机概览与overview之间的逗号为英文状态下的，请注意
5、各个模块文件夹的html文件一定要按照顺序来命名，即XXX_1到XXX_n来命名，中间不能有断续
-->
<phones>
<phone id="ទិដ្ឋភាពទូទៅ និងការណែនាំសម្រាប់ចាប់ផ្តើម,overview">ការណែនាំមកកាន់ការរចនាខាងក្រៅរបស់ទូរស័ព្ទ</phone>
<phone id="ទិដ្ឋភាពទូទៅ និងការណែនាំសម្រាប់ចាប់ផ្តើម,overview">ការដំឡើង និងការរៀបចំ</phone>
<phone id="ទិដ្ឋភាពទូទៅ និងការណែនាំសម្រាប់ចាប់ផ្តើម,overview">ការចាក់សោ និងដោះសោអេក្រង់</phone>
<phone id="ទិដ្ឋភាពទូទៅ និងការណែនាំសម្រាប់ចាប់ផ្តើម,overview">រូបតំណាងរបារស្ថានភាព និងការជូនដំណឹង</phone>
<phone id="ទិដ្ឋភាពទូទៅ និងការណែនាំសម្រាប់ចាប់ផ្តើម,overview">មជ្ឈមណ្ឌលផ្លូវកាត់នៅលើអេក្រង់ដើម</phone>

<phone id="Launcher និង iTheme,desktop">ការកែសម្រួលអេក្រង់ដើម</phone>
<phone id="Launcher និង iTheme,desktop">គំរូរចនា</phone>

<phone id="ការកំណត់,settings">Wi-Fi</phone>
<phone id="ការកំណត់,settings">បណ្ដាញ​ចល័ត</phone>
<phone id="ការកំណត់,settings">បណ្ដាញ និងការតភ្ជាប់​ផ្សេងទៀត</phone>
<phone id="ការកំណត់,settings">ការជូនដំណឹង និងរបារស្ថានភាព</phone>
<phone id="ការកំណត់,settings">ការបង្ហាញ និងពន្លឺ</phone>
<phone id="ការកំណត់,settings">អេក្រង់ដើម អេក្រង់ចាក់សោ និងផ្ទៃរូបភាពអេក្រង់</phone>
<phone id="ការកំណត់,settings">បែបផែនឌីណាមិក</phone>
<phone id="ការកំណត់,settings">សំឡេង និងរំញ័រ</phone>
<phone id="ការកំណត់,settings">Jovi</phone>
<phone id="ការកំណត់,settings">ការរុករកប្រព័ន្ធ</phone>
<phone id="ការកំណត់,settings">ស្នាមម្រាមដៃ មុខ និងពាក្យសម្ងាត់</phone>
<phone id="ការកំណត់,settings">ម៉ូដកំពូលហ្គេម</phone>
<phone id="ការកំណត់,settings">ផ្លូវកាត់ និងភាពងាយស្រួលចូលប្រើប្រាស់</phone>
<phone id="ការកំណត់,settings">ការគ្រប់គ្រង​ប្រព័ន្ធ​</phone>
<phone id="ការកំណត់,settings">ព័ត៌មានទីតាំង និងសន្តិសុខ</phone>
<phone id="ការកំណត់,settings">ទំហំឧបករណ៍ផ្ទុក និង RAM</phone>
<phone id="ការកំណត់,settings">ថ្ម</phone>
<phone id="ការកំណត់,settings">កម្មវិធី និងការអនុញ្ញាត</phone>
<phone id="ការកំណត់,settings">គណនី និងការធ្វើសមកាលកម្ម</phone>
<phone id="ការកំណត់,settings">ការអាប់ដេតប្រព័ន្ធ</phone>
<phone id="ការកំណត់,settings">ក្លូនកម្មវិធី</phone>
<phone id="ការកំណត់,settings">ជម្រើស​អ្នក​អភិវឌ្ឍ</phone>

<phone id="ទូរស័ព្ទ និងទំនាក់ទំនង,contact">ការហៅទូរស័ព្ទ</phone>
<phone id="ទូរស័ព្ទ និងទំនាក់ទំនង,contact">ការកំណត់​ការ​ហៅ</phone>
<phone id="ទូរស័ព្ទ និងទំនាក់ទំនង,contact">ទំនាក់ទំនង</phone>
<phone id="ទូរស័ព្ទ និងទំនាក់ទំនង,contact">ប្រតិបត្តិការច្រើនទៀត</phone>
<phone id="ទូរស័ព្ទ និងទំនាក់ទំនង,contact">ការកំណត់ទំនាក់ទំនង</phone>

<phone id="សារ និងអ៊ីម៉ែល,message">សារ</phone>
<phone id="សារ និងអ៊ីម៉ែល,message">អ៊ីម៉ែល</phone>

<phone id="ឧបករណ៍,tools">ម៉ាស៊ីន​គិត​លេខ</phone>
<phone id="ឧបករណ៍,tools">កំណត់សម្គាល់</phone>
<phone id="ឧបករណ៍,tools">ឧបករណ៍​ថត​​សំឡេង</phone>
<phone id="ឧបករណ៍,tools">វិទ្យុ FM</phone>
<phone id="ឧបករណ៍,tools">ត្រីវិស័យ</phone>

<phone id="ពហុមេឌៀ,multimedia">តន្ត្រី</phone>
<phone id="ពហុមេឌៀ,multimedia">ការកំណត់តន្ត្រី</phone>
<phone id="ពហុមេឌៀ,multimedia">វីដេអូ</phone>
<phone id="ពហុមេឌៀ,multimedia">ម៉ាស៊ីន​ថត</phone>
<phone id="ពហុមេឌៀ,multimedia">អាល់ប៊ុម</phone>
<phone id="ពហុមេឌៀ,multimedia">ឯកសារ</phone>

<phone id="កម្មវិធីបណ្តាញ,network">កម្មវិធីរុករក</phone>

<phone id="កម្មវិធីច្រើនទៀត,more">i Manager</phone>
<phone id="កម្មវិធីច្រើនទៀត,more">នាឡិកា</phone>
<phone id="កម្មវិធីច្រើនទៀត,more">ប្រតិទិន</phone>
<phone id="កម្មវិធីច្រើនទៀត,more">របៀបថតរូបអេក្រង់</phone>
<phone id="កម្មវិធីច្រើនទៀត,more">ការណែនាំស្តីពីការភ្ជាប់ USB</phone>
<phone id="កម្មវិធីច្រើនទៀត,more">អាកាសធាតុ</phone>

<phone id="ការថែទាំ និងការផ្តល់សេវាកម្ម,maintain">អំពីការថែទាំ</phone>
<phone id="ការថែទាំ និងការផ្តល់សេវាកម្ម,maintain">ទូរស័ព្ទ និងគ្រឿងបរិក្ខារ</phone>
<phone id="ការថែទាំ និងការផ្តល់សេវាកម្ម,maintain">ជំនួយ</phone>
<phone id="ការថែទាំ និងការផ្តល់សេវាកម្ម,maintain">ទ្រង់ទ្រាយឯកសារដែលបានគាំទ្រ</phone>

<!--
我是跳转配置分割线，以前的内容往上面添加，下面写跳转目录配置。
格式：<skip id="visitmode">设置,访客模式</skip>
visitmode：跳转名称，与说明书开发约定一致即可
设置,访客模式：访客模式的说明书路径
-->
<skip id="usbhelp">កម្មវិធីច្រើនទៀត,ការណែនាំស្តីពីការភ្ជាប់ USB</skip>
<skip id="usbdebug">ការកំណត់,ជម្រើស​អ្នក​អភិវឌ្ឍ</skip>
<skip id="appclone">ការកំណត់,ក្លូនកម្មវិធី</skip>
</phones>