<!--  
这个为菜单列表，注意编辑的格式!例如：
<phone id="手机概览,overview">手机外观</phone>
1、手机概览：一级标题名称
2、overview：这个为assets下的各个模块文件夹的名称，记住这个值一定要与文件夹的名称对应，不然链接会出错
3、手机外观：二级标题名称
4、手机概览与overview之间的逗号为英文状态下的，请注意
5、各个模块文件夹的html文件一定要按照顺序来命名，即XXX_1到XXX_n来命名，中间不能有断续
-->
<phones>
<phone id="ພາບ​ລວມ ແລະ ຄຳ​ແນະ​ນຳ​ເລີ່ມ​ຕົ້ນ​ໂດຍ​ຫຍໍ້,overview">ການ​ແນະ​ນຳ​ກ່ຽວ​ກັບ​ພາຍນອກ​ຂອ​ງ​ໂທ​ລະ​ສັບ</phone>
<phone id="ພາບ​ລວມ ແລະ ຄຳ​ແນະ​ນຳ​ເລີ່ມ​ຕົ້ນ​ໂດຍ​ຫຍໍ້,overview">​ການ​ຕິດ​ຕັ້ງ ແລະ ການ​ກະ​ກຽມ</phone>
<phone id="ພາບ​ລວມ ແລະ ຄຳ​ແນະ​ນຳ​ເລີ່ມ​ຕົ້ນ​ໂດຍ​ຫຍໍ້,overview">ການລັອກ ແລະ ​ການປົດລັອກ​ໜ້າ​ຈໍ</phone>
<phone id="ພາບ​ລວມ ແລະ ຄຳ​ແນະ​ນຳ​ເລີ່ມ​ຕົ້ນ​ໂດຍ​ຫຍໍ້,overview">​ໄອ​ຄອນແຖບສະຖານະ ແລະການແຈ້ງເຕືອນ</phone>
<phone id="ພາບ​ລວມ ແລະ ຄຳ​ແນະ​ນຳ​ເລີ່ມ​ຕົ້ນ​ໂດຍ​ຫຍໍ້,overview">​ສູນ​ທາງ​ລັດໃນໜ້າຈໍຫຼັກ</phone>

<phone id="ເປີດ​ນຳ​ໃຊ້ ແລະ i Theme,desktop">​ການ​ແກ້​ໄຂ​ໜ້າ​ຈໍຫຼັກ​</phone>
<phone id="ເປີດ​ນຳ​ໃຊ້ ແລະ i Theme,desktop">ຕີມ</phone>

<phone id="ການ​ຕັ້ງ​ຄ່າ,settings">Wi-Fi</phone>
<phone id="ການ​ຕັ້ງ​ຄ່າ,settings">ເຄືອ​ຂ່າຍ​ມື​ຖື</phone>
<phone id="ການ​ຕັ້ງ​ຄ່າ,settings">ເຄືອ​ຂ່າຍ ແລະ ການ​ເຊື່ອມ​ຕໍ່​ອື່ນ</phone>
<phone id="ການ​ຕັ້ງ​ຄ່າ,settings">ແຖບ​ການ​ແຈ້ງ​ເຕືອນ ແລະ ສະ​ຖາ​ນະ</phone>
<phone id="ການ​ຕັ້ງ​ຄ່າ,settings">ການສະແດງແລະຄວາມແຈ້ງ</phone>
<phone id="ການ​ຕັ້ງ​ຄ່າ,settings">ໜ້າ​​ຈໍ​ຫຼັກ, ໜ້າ​ຈໍ​ລັອກ ແລະ ພາບ​ພື້ນຫຼັງ</phone>
<phone id="ການ​ຕັ້ງ​ຄ່າ,settings">​ເອັບ​ເຝັກ​ແບບ​ໄດ​ນາ​ມິກ</phone>
<phone id="ການ​ຕັ້ງ​ຄ່າ,settings">ສຽງ​ ແລະ ການ​ສັ່ນ​ເຕືອນ</phone>
<phone id="ການ​ຕັ້ງ​ຄ່າ,settings">Jovi</phone>
<phone id="ການ​ຕັ້ງ​ຄ່າ,settings">ການ​ກຳ​ນົດທິດ​ທາງ​ລະ​ບົບ</phone>
<phone id="ການ​ຕັ້ງ​ຄ່າ,settings">ລາຍ​ນິ້ວ​ມື, ໃບ​ໜ້າ ແລະ ລະ​ຫັດ​ຜ່ານ</phone>
<phone id="ການ​ຕັ້ງ​ຄ່າ,settings">ໂໝດເກມ​ພິ​ເສດ</phone>
<phone id="ການ​ຕັ້ງ​ຄ່າ,settings">​ທາງ​ລັດ ແລະ ການ​ຊ່ວຍ​ການ​ເຂົ້າ​ເຖິງ</phone>
<phone id="ການ​ຕັ້ງ​ຄ່າ,settings">​ການ​ຈັດ​ການ​ລະ​ບົບ</phone>
<phone id="ການ​ຕັ້ງ​ຄ່າ,settings">ປອດໄພ</phone>
<phone id="ການ​ຕັ້ງ​ຄ່າ,settings">RAM ແລະພື້ນທີ່ບ່ອນເກັບຂໍ້ມູນ</phone>
<phone id="ການ​ຕັ້ງ​ຄ່າ,settings">ແບັດເຕີຣີ</phone>
<phone id="ການ​ຕັ້ງ​ຄ່າ,settings">​ແອັບ​ພ​ລິ​ເຄ​ຊັນ ແລະ ການ​ອະ​ນຸ​ຍາດ</phone>
<phone id="ການ​ຕັ້ງ​ຄ່າ,settings">ບັນ​ຊີ ແລະ ການຊິງຄ໌ໂຄຣໄນ</phone>
<phone id="ການ​ຕັ້ງ​ຄ່າ,settings">ການອັບເດດລະບົບ</phone>
<phone id="ການ​ຕັ້ງ​ຄ່າ,settings">ການລອກແບບແອັບ</phone>
<phone id="ການ​ຕັ້ງ​ຄ່າ,settings">ຕົວເລືອກນັກພັດທະນາ</phone>

<phone id="ໂທລະສັບ ແລະ ຜູ້ຕິດຕໍ່,contact">ການໂທ</phone>
<phone id="ໂທລະສັບ ແລະ ຜູ້ຕິດຕໍ່,contact">ການ​ຕັ້ງ​ຄ່າ​ການ​ໂທ</phone>
<phone id="ໂທລະສັບ ແລະ ຜູ້ຕິດຕໍ່,contact">ຜູ້ຕິດຕໍ່</phone>
<phone id="ໂທລະສັບ ແລະ ຜູ້ຕິດຕໍ່,contact">ການ​ດຳ​ເນີນ​ການ​ເພີ່ມ​ເຕີມ</phone>
<phone id="ໂທລະສັບ ແລະ ຜູ້ຕິດຕໍ່,contact">​ການ​ຕັ້ງ​ຄ່າ​ຜູ້​ຕິດ​ຕໍ່</phone>

<phone id="ຂໍ້ຄວາມ ແລະ ອີເມລ໌,message">ຂໍ້ຄວາມ</phone>
<phone id="ຂໍ້ຄວາມ ແລະ ອີເມລ໌,message">ອີເມລ໌</phone>

<phone id="ເຄື່ອງມື,tools">ຈັກຄິດໄລ່</phone>
<phone id="ເຄື່ອງມື,tools">ບັນທຶກ</phone>
<phone id="ເຄື່ອງມື,tools">ເຄື່ອງບັນທຶກ</phone>
<phone id="ເຄື່ອງມື,tools">ວິທະຍຸ FM</phone>
<phone id="ເຄື່ອງມື,tools">ເຂັມຊີ້ທິດ</phone>

<phone id="ມັລຕິມີເດຍ,multimedia">ເພງ</phone>
<phone id="ມັລຕິມີເດຍ,multimedia">ການຕັ້ງຄ່າເອັບເຝັກສຽງ</phone>
<phone id="ມັລຕິມີເດຍ,multimedia">ວິດີໂອ</phone>
<phone id="ມັລຕິມີເດຍ,multimedia">ກ້ອງຖ່າຍຮູບ</phone>
<phone id="ມັລຕິມີເດຍ,multimedia">ອາລະບຳຮູບ</phone>
<phone id="ມັລຕິມີເດຍ,multimedia">ຕົວຈັດການໄຟລ໌</phone>

<phone id="ແອັບພລິເຄຊັນເຄືອຂ່າຍ,network">ບຣາວເຊີ</phone>

<phone id="ແອັບ​ພ​ລິ​ເຄ​ຊັນ​ເພີ່ມ​ເຕີມ,more">i Manager</phone>
<phone id="ແອັບ​ພ​ລິ​ເຄ​ຊັນ​ເພີ່ມ​ເຕີມ,more">ໂມງປຸກ</phone>
<phone id="ແອັບ​ພ​ລິ​ເຄ​ຊັນ​ເພີ່ມ​ເຕີມ,more">ປະຕິທິນ</phone>
<phone id="ແອັບ​ພ​ລິ​ເຄ​ຊັນ​ເພີ່ມ​ເຕີມ,more">ວິ​ທີ​ການ​ຖ່າຍ​ຮູບ​ໜ້າ​ຈໍ</phone>
<phone id="ແອັບ​ພ​ລິ​ເຄ​ຊັນ​ເພີ່ມ​ເຕີມ,more">ຄຳ​ແນະ​ນຳ​​ກ່ຽວ​ກັບການ​ເຊື່ອມ​ຕໍ່ USB</phone>
<phone id="ແອັບ​ພ​ລິ​ເຄ​ຊັນ​ເພີ່ມ​ເຕີມ,more">ສະພາບອາກາດ</phone>

<phone id="ການ​ບຳ​ລຸງ​ຮັກ​ສາ ແລະ ການ​ບໍ​ລິ​ການ​ສ້ອມ​ແປງ,maintain">​ກ່ຽວ​ກັບ​ການ​ບຳ​ລຸງ​ຮັກ​ສາ</phone>
<phone id="ການ​ບຳ​ລຸງ​ຮັກ​ສາ ແລະ ການ​ບໍ​ລິ​ການ​ສ້ອມ​ແປງ,maintain">ໂທ​ລະ​ສັບ ແລະ ອຸ​ປະ​ກອນ​ເສີມ</phone>
<phone id="ການ​ບຳ​ລຸງ​ຮັກ​ສາ ແລະ ການ​ບໍ​ລິ​ການ​ສ້ອມ​ແປງ,maintain">ຄວາມຊ່ວຍເຫຼືອ</phone>
<phone id="ການ​ບຳ​ລຸງ​ຮັກ​ສາ ແລະ ການ​ບໍ​ລິ​ການ​ສ້ອມ​ແປງ,maintain">​ຮູບ​ແບບ​ໄຟ​ລ໌​ທີ່​ຮອງ​ຮັບ</phone>

<!--
我是跳转配置分割线，以前的内容往上面添加，下面写跳转目录配置。
格式：<skip id="visitmode">设置,访客模式</skip>
visitmode：跳转名称，与说明书开发约定一致即可
设置,访客模式：访客模式的说明书路径
-->
<skip id="usbhelp">ແອັບ​ພ​ລິ​ເຄ​ຊັນ​ເພີ່ມ​ເຕີມ,ຄຳ​ແນະ​ນຳ​​ກ່ຽວ​ກັບການ​ເຊື່ອມ​ຕໍ່ USB</skip>
<skip id="usbdebug">ການ​ຕັ້ງ​ຄ່າ,​ຕົວເລືອກນັກພັດທະນາ</skip>
<skip id="appclone">ການ​ຕັ້ງ​ຄ່າ,​ການລອກແບບແອັບ</skip>
</phones>