<!--  
这个为菜单列表，注意编辑的格式!例如：
<phone id="手机概览,overview">手机外观</phone>
1、手机概览：一级标题名称
2、overview：这个为assets下的各个模块文件夹的名称，记住这个值一定要与文件夹的名称对应，不然链接会出错
3、手机外观：二级标题名称
4、手机概览与overview之间的逗号为英文状态下的，请注意
5、各个模块文件夹的html文件一定要按照顺序来命名，即XXX_1到XXX_n来命名，中间不能有断续
-->
<phones>
<phone id="نظرة عامة ودليل البدء السريع,overview">مقدمة حول الجزء الخارجي للهاتف</phone>
<phone id="نظرة عامة ودليل البدء السريع,overview">التثبيت والإعداد</phone>
<phone id="نظرة عامة ودليل البدء السريع,overview">قفل وإلغاء قفل الشاشة</phone>
<phone id="نظرة عامة ودليل البدء السريع,overview">رموز شريط الحالة والإشعارات</phone>
<phone id="نظرة عامة ودليل البدء السريع,overview">مركز الاختصارات في الشاشة الرئيسية</phone>

<phone id="سمات i theme والمشغِّل,desktop">تحرير شاشة الصفحة الرئيسية</phone>
<phone id="سمات i theme والمشغِّل,desktop">السمات</phone>

<phone id="الإعدادات,settings">Wi-Fi</phone>
<phone id="الإعدادات,settings">شبكة الجوال</phone>
<phone id="الإعدادات,settings">شبكات واتصالات أخرى</phone>
<phone id="الإعدادات,settings">شريط الإشعارات والحالة</phone>
<phone id="الإعدادات,settings">الشاشة والسطوع</phone>
<phone id="الإعدادات,settings">الشاشة الرئيسية، وشاشة التأمين، وخلفية الشاشة</phone>
<phone id="الإعدادات,settings">تأثيرات ديناميكية</phone>
<phone id="الإعدادات,settings">الصوت والاهتزاز</phone>
<phone id="الإعدادات,settings">Jovi</phone>
<phone id="الإعدادات,settings">تنقل النظام</phone>
<phone id="الإعدادات,settings">بصمة الإصبع والوجه وكلمة المرور</phone>
<phone id="الإعدادات,settings">وضع الألعاب الفائق</phone>
<phone id="الإعدادات,settings">الاختصارات وإمكانية الوصول</phone>
<phone id="الإعدادات,settings">إدارة النظام</phone>
<phone id="الإعدادات,settings">معلومات الأمان والموقع</phone>
<phone id="الإعدادات,settings">ذاكرة RAM ومساحة التخزين</phone>
<phone id="الإعدادات,settings">البطارية</phone>
<phone id="الإعدادات,settings">التطبيقات والأذونات</phone>
<phone id="الإعدادات,settings">الحساب والمزامنة</phone>
<phone id="الإعدادات,settings">تحديث النظام</phone>
<phone id="الإعدادات,settings">استنساخ التطبيق</phone>
<phone id="الإعدادات,settings">خيارات مطور البرامج</phone>

<phone id="الهاتف وجهات الاتصال,contact">جارٍ الاتصال</phone>
<phone id="الهاتف وجهات الاتصال,contact">إعدادات الاتصال</phone>
<phone id="الهاتف وجهات الاتصال,contact">جهات الاتصال</phone>
<phone id="الهاتف وجهات الاتصال,contact">مزيد من العمليات</phone>
<phone id="الهاتف وجهات الاتصال,contact">إعدادات جهات الاتصال</phone>

<phone id="الرسائل والبريد الإلكتروني,message">الرسائل</phone>
<phone id="الرسائل والبريد الإلكتروني,message">بريد إلكتروني</phone>

<phone id="الأدوات,tools">الآلة الحاسبة</phone>
<phone id="الأدوات,tools">ملاحظات</phone>
<phone id="الأدوات,tools">مسجِّل الصوت</phone>
<phone id="الأدوات,tools">راديو FM</phone>
<phone id="الأدوات,tools">البوصلة</phone>

<phone id="وسائط متعددة,multimedia">الموسيقى</phone>
<phone id="وسائط متعددة,multimedia">إعدادات الموسيقى</phone>
<phone id="وسائط متعددة,multimedia">فيديو</phone>
<phone id="وسائط متعددة,multimedia">كاميرا</phone>
<phone id="وسائط متعددة,multimedia">ألبومات الصور</phone>
<phone id="وسائط متعددة,multimedia">مدير الملفات</phone>

<phone id="تطبيقات الشبكة,network">المستعرض</phone>

<phone id="المزيد من التطبيقات,more">i Manager</phone>
<phone id="المزيد من التطبيقات,more">المنبه</phone>
<phone id="المزيد من التطبيقات,more">التقويم</phone>
<phone id="المزيد من التطبيقات,more">كيفية التقاط لقطة شاشة</phone>
<phone id="المزيد من التطبيقات,more">تعليمات خاصة بتوصيل USB</phone>
<phone id="المزيد من التطبيقات,more">الطقس</phone>

<phone id="الصيانة والخدمة,maintain">حول الصيانة</phone>
<phone id="الصيانة والخدمة,maintain">الهاتف والملحقات</phone>
<phone id="الصيانة والخدمة,maintain">التعليمات</phone>
<phone id="الصيانة والخدمة,maintain">تنسيقات الملفات المدعومة</phone>

<!--
我是跳转配置分割线，以前的内容往上面添加，下面写跳转目录配置。
格式：<skip id="visitmode">设置,访客模式</skip>
visitmode：跳转名称，与说明书开发约定一致即可
设置,访客模式：访客模式的说明书路径
-->
<skip id="usbhelp">المزيد من التطبيقات,تعليمات خاصة بتوصيل USB</skip>
<skip id="usbdebug">الإعدادات,خيارات مطور البرامج</skip>
<skip id="appclone">الإعدادات,استنساخ التطبيق</skip>
</phones>